statement ok
create table t1 (id int, v1 int, v2 int);

statement ok
insert into t1 (id, v1, v2) values
(1, 2, 3),
(2, 2, 2),
(2, null, null),
(2, null, 3);

query I nosort
select count(*) from t1 where v1 = v2;
----
1

query I nosort
select count(*) from t1 where v1 != v2;
----
1

statement ok
create table t2 (id int, v int);

statement ok
insert into t2 (id, v) values
(1, 2),
(2, 10);

query I nosort
select count(*)
from t1
left join t2 on t1.id = t2.id
where t1.v1 = t2.v;
----
1

query I nosort
select id from t1 where v1 = null;
----

query I nosort
select id from t1 where v1 = null and v2 = 3;
----

query I rowsort
select id from t1 where v1 in (1, 2, NULL) AND v2 IN (2, 3, NULL)
----
1
2

query I rowsort
select id from t1 where v1 in (NULL) AND v2 IN (NULL)
----
