statement ok
create table t1 (x int, y int, z int)

statement ok
create table t2 (x int, y int, z int)

statement ok
insert into t1 (x, y, z)
values
(1, 2, 3),
(2, 2, 3)

statement ok
insert into t2 (x, y, z)
values
(1, 1, 3),
(1, 2, 3)


query I nosort
SELECT count(*)
FROM t1
JOIN t2
ON t1.x = t2.x
AND t1.x = t2.y
----
1

query I nosort
SELECT count(*)
FROM t1
JOIN t2
ON t1.x = t2.x
WHERE t1.x = t2.y
----
1


query I nosort
SELECT count(*)
FROM t1, t2
WHERE t1.x = t2.x
AND t1.x = t2.y
----
1

query I nosort
SELECT count(*)
FROM (
    SELECT t1.x, t2.y
    FROM t1, t2
    WHERE t1.x = t2.x
) sq
WHERE x = y
----
1

query I nosort
SELECT count(*)
FROM (
    SELECT t1.x AS a, t2.y AS b
    FROM t1, t2
    WHERE t1.x = t2.x
) sq
WHERE a = b
----
1

query I nosort
SELECT t1.x FROM t1 JOIN t2 ON t1.x = t2.y WHERE t1.x = t1.y
----
2

query I nosort
SELECT t1.x
FROM t1
JOIN t2
ON t1.x = t2.x
AND t2.y = 2
----
1

query II nosort
SELECT t1.x, t2.y
FROM t1
LEFT OUTER JOIN t2
ON t2.y = 2
AND t1.x = t2.x
----
1
2
2
NULL
